<contextCollection xmlns="http://schemas.heron-mc.org/hmc/1.0"
                   xmlns:xsi="http://www.w3.org/2001/XMLSchema-instance"
                   xsi:schemaLocation="http://schemas.heron-mc.org/hmc/1.0 http://schemas.heron-mc.org/hmc/1.0/heron-map-context.xsd">

    <contextFolder>
        <title>CBS Vierkanten 100m</title>
        <context>
            <title>2012</title>
            <wmsLayer>
                <title>Inwoners 2012 100m [wms]</title>
                <url>{baseUrl}cbsvierkanten100m/wms?</url>
                <isBaseLayer>false</isBaseLayer>
                <opacity>0.7</opacity>
                <isTransparent>true</isTransparent>
                <isVisible>false</isVisible>
                <layers>inwoners_2012</layers>
                <format>image/png</format>
                <featureInfoFormat>application/vnd.ogc.gml</featureInfoFormat>
                <isAlpha>true</isAlpha>
                <isSingleTile>true</isSingleTile>
            </wmsLayer>
        </context>
        <context>
            <title>2011</title>
            <wmsLayer>
                <title>Autochtonen 2011 100m [wms]</title>
                <url>{baseUrl}cbsvierkanten100m/wms?</url>
                <isBaseLayer>false</isBaseLayer>
                <opacity>0.7</opacity>
                <isTransparent>true</isTransparent>
                <isVisible>false</isVisible>
                <layers>autochtonen_2011</layers>
                <format>image/png</format>
                <featureInfoFormat>application/vnd.ogc.gml</featureInfoFormat>
                <isAlpha>true</isAlpha>
                <isSingleTile>true</isSingleTile>
            </wmsLayer>
            <wmsLayer>
                <title>Westerse allochtonen 2011 100m [wms]</title>
                <url>{baseUrl}cbsvierkanten100m/wms?</url>
                <isBaseLayer>false</isBaseLayer>
                <opacity>0.7</opacity>
                <isTransparent>true</isTransparent>
                <isVisible>false</isVisible>
                <layers>westers_allochtonen_2011</layers>
                <format>image/png</format>
                <featureInfoFormat>application/vnd.ogc.gml</featureInfoFormat>
                <isAlpha>true</isAlpha>
                <isSingleTile>true</isSingleTile>
            </wmsLayer>
            <wmsLayer>
                <title>Niet-westerse allochtonen 2011 100m [wms]</title>
                <url>{baseUrl}cbsvierkanten100m/wms?</url>
                <isBaseLayer>false</isBaseLayer>
                <opacity>0.7</opacity>
                <isTransparent>true</isTransparent>
                <isVisible>false</isVisible>
                <layers>niet_westers_allochtonen_2011</layers>
                <format>image/png</format>
                <featureInfoFormat>application/vnd.ogc.gml</featureInfoFormat>
                <isAlpha>true</isAlpha>
                <isSingleTile>true</isSingleTile>
            </wmsLayer>
            <wmsLayer>
                <title>Inwoners 2011 100m [wms]</title>
                <url>{baseUrl}cbsvierkanten100m/wms?</url>
                <isBaseLayer>false</isBaseLayer>
                <opacity>0.7</opacity>
                <isTransparent>true</isTransparent>
                <isVisible>false</isVisible>
                <layers>inwoners_2011</layers>
                <format>image/png</format>
                <featureInfoFormat>application/vnd.ogc.gml</featureInfoFormat>
                <isAlpha>true</isAlpha>
                <isSingleTile>true</isSingleTile>
            </wmsLayer>
            <wmsLayer>
                <title>Inwoners tot 20 jaar 2011 100m [wms]</title>
                <url>{baseUrl}cbsvierkanten100m/wms?</url>
                <isBaseLayer>false</isBaseLayer>
                <opacity>0.7</opacity>
                <isTransparent>true</isTransparent>
                <isVisible>false</isVisible>
                <layers>inwoners_2011_tot_20_jaar</layers>
                <format>image/png</format>
                <featureInfoFormat>application/vnd.ogc.gml</featureInfoFormat>
                <isAlpha>true</isAlpha>
                <isSingleTile>true</isSingleTile>
            </wmsLayer>
            <wmsLayer>
                <title>Inwoners 20 tot 45 jaar 2011 100m [wms]</title>
                <url>{baseUrl}cbsvierkanten100m/wms?</url>
                <isBaseLayer>false</isBaseLayer>
                <opacity>0.7</opacity>
                <isTransparent>true</isTransparent>
                <isVisible>false</isVisible>
                <layers>inwoners_2011_20_tot_45_jaar</layers>
                <format>image/png</format>
                <featureInfoFormat>application/vnd.ogc.gml</featureInfoFormat>
                <isAlpha>true</isAlpha>
                <isSingleTile>true</isSingleTile>
            </wmsLayer>
            <wmsLayer>
                <title>Inwoners 45 tot 65 jaar 2011 100m [wms]</title>
                <url>{baseUrl}cbsvierkanten100m/wms?</url>
                <isBaseLayer>false</isBaseLayer>
                <opacity>0.7</opacity>
                <isTransparent>true</isTransparent>
                <isVisible>false</isVisible>
                <layers>inwoners_2011_45_tot_65_jaar</layers>
                <format>image/png</format>
                <featureInfoFormat>application/vnd.ogc.gml</featureInfoFormat>
                <isAlpha>true</isAlpha>
                <isSingleTile>true</isSingleTile>
            </wmsLayer>
            <wmsLayer>
                <title>Inwoners 65+ jaar 2011 100m [wms]</title>
                <url>{baseUrl}cbsvierkanten100m/wms?</url>
                <isBaseLayer>false</isBaseLayer>
                <opacity>0.7</opacity>
                <isTransparent>true</isTransparent>
                <isVisible>false</isVisible>
                <layers>inwoners_2011_65_plus_jaar</layers>
                <format>image/png</format>
                <featureInfoFormat>application/vnd.ogc.gml</featureInfoFormat>
                <isAlpha>true</isAlpha>
                <isSingleTile>true</isSingleTile>
            </wmsLayer>
            <wmsLayer>
                <title>Gemiddelde WOZ-waarde woningen 2011 100m [wms]</title>
                <url>{baseUrl}cbsvierkanten100m/wms?</url>
                <isBaseLayer>false</isBaseLayer>
                <opacity>0.7</opacity>
                <isTransparent>true</isTransparent>
                <isVisible>false</isVisible>
                <layers>gem_woz_waarde_woningen_2011</layers>
                <format>image/png</format>
                <featureInfoFormat>application/vnd.ogc.gml</featureInfoFormat>
                <isAlpha>true</isAlpha>
                <isSingleTile>true</isSingleTile>
            </wmsLayer>
            <wmsLayer>
                <title>Woningen 2011 100m [wms]</title>
                <url>{baseUrl}cbsvierkanten100m/wms?</url>
                <isBaseLayer>false</isBaseLayer>
                <opacity>0.7</opacity>
                <isTransparent>true</isTransparent>
                <isVisible>false</isVisible>
                <layers>woningen_2011</layers>
                <format>image/png</format>
                <featureInfoFormat>application/vnd.ogc.gml</featureInfoFormat>
                <isAlpha>true</isAlpha>
                <isSingleTile>true</isSingleTile>
            </wmsLayer>
        </context>
        <context>
            <title>2010</title>
            <wmsLayer>
                <title>Inwoners 2010 100m [wms]</title>
                <url>{baseUrl}cbsvierkanten100m/wms?</url>
                <isBaseLayer>false</isBaseLayer>
                <opacity>0.7</opacity>
                <isTransparent>true</isTransparent>
                <isVisible>false</isVisible>
                <layers>inwoners_2010</layers>
                <format>image/png</format>
                <featureInfoFormat>application/vnd.ogc.gml</featureInfoFormat>
                <isAlpha>true</isAlpha>
                <isSingleTile>true</isSingleTile>
            </wmsLayer>
            <wmsLayer>
                <title>Woningen 2010 100m [wms]</title>
                <url>{baseUrl}cbsvierkanten100m/wms?</url>
                <isBaseLayer>false</isBaseLayer>
                <opacity>0.7</opacity>
                <isTransparent>true</isTransparent>
                <isVisible>false</isVisible>
                <layers>woningen_2010</layers>
                <format>image/png</format>
                <featureInfoFormat>application/vnd.ogc.gml</featureInfoFormat>
                <isAlpha>true</isAlpha>
                <isSingleTile>true</isSingleTile>
            </wmsLayer>
        </context>
        <context>
            <title>2009</title>
            <wmsLayer>
                <title>Inwoners 2009 100m [wms]</title>
                <url>{baseUrl}cbsvierkanten100m/wms?</url>
                <isBaseLayer>false</isBaseLayer>
                <opacity>0.7</opacity>
                <isTransparent>true</isTransparent>
                <isVisible>false</isVisible>
                <layers>inwoners_2009</layers>
                <format>image/png</format>
                <featureInfoFormat>application/vnd.ogc.gml</featureInfoFormat>
                <isAlpha>true</isAlpha>
                <isSingleTile>true</isSingleTile>
            </wmsLayer>
            <wmsLayer>
                <title>Woningen 2009 100m [wms]</title>
                <url>{baseUrl}cbsvierkanten100m/wms?</url>
                <isBaseLayer>false</isBaseLayer>
                <opacity>0.7</opacity>
                <isTransparent>true</isTransparent>
                <isVisible>false</isVisible>
                <layers>woningen_2009</layers>
                <format>image/png</format>
                <featureInfoFormat>application/vnd.ogc.gml</featureInfoFormat>
                <isAlpha>true</isAlpha>
                <isSingleTile>true</isSingleTile>
            </wmsLayer>
        </context>
        <context>
            <title>2008</title>
            <wmsLayer>
                <title>Inwoners 2008 100m [wms]</title>
                <url>{baseUrl}cbsvierkanten100m/wms?</url>
                <isBaseLayer>false</isBaseLayer>
                <opacity>0.7</opacity>
                <isTransparent>true</isTransparent>
                <isVisible>false</isVisible>
                <layers>inwoners_2008</layers>
                <format>image/png</format>
                <featureInfoFormat>application/vnd.ogc.gml</featureInfoFormat>
                <isAlpha>true</isAlpha>
                <isSingleTile>true</isSingleTile>
            </wmsLayer>
            <wmsLayer>
                <title>Woningen 2008 100m [wms]</title>
                <url>{baseUrl}cbsvierkanten100m/wms?</url>
                <isBaseLayer>false</isBaseLayer>
                <opacity>0.7</opacity>
                <isTransparent>true</isTransparent>
                <isVisible>false</isVisible>
                <layers>woningen_2008</layers>
                <format>image/png</format>
                <featureInfoFormat>application/vnd.ogc.gml</featureInfoFormat>
                <isAlpha>true</isAlpha>
                <isSingleTile>true</isSingleTile>
            </wmsLayer>
        </context>
        <context>
            <title>2007</title>
            <wmsLayer>
                <title>Inwoners 2007 100m [wms]</title>
                <url>{baseUrl}cbsvierkanten100m/wms?</url>
                <isBaseLayer>false</isBaseLayer>
                <opacity>0.7</opacity>
                <isTransparent>true</isTransparent>
                <isVisible>false</isVisible>
                <layers>inwoners_2007</layers>
                <format>image/png</format>
                <featureInfoFormat>application/vnd.ogc.gml</featureInfoFormat>
                <isAlpha>true</isAlpha>
                <isSingleTile>true</isSingleTile>
            </wmsLayer>
            <wmsLayer>
                <title>Woningen 2007 100m [wms]</title>
                <url>{baseUrl}cbsvierkanten100m/wms?</url>
                <isBaseLayer>false</isBaseLayer>
                <opacity>0.7</opacity>
                <isTransparent>true</isTransparent>
                <isVisible>false</isVisible>
                <layers>woningen_2007</layers>
                <format>image/png</format>
                <featureInfoFormat>application/vnd.ogc.gml</featureInfoFormat>
                <isAlpha>true</isAlpha>
                <isSingleTile>true</isSingleTile>
            </wmsLayer>
        </context>
        <context>
            <title>2006</title>
            <wmsLayer>
                <title>Inwoners 2006 100m [wms]</title>
                <url>{baseUrl}cbsvierkanten100m/wms?</url>
                <isBaseLayer>false</isBaseLayer>
                <opacity>0.7</opacity>
                <isTransparent>true</isTransparent>
                <isVisible>false</isVisible>
                <layers>inwoners_2006</layers>
                <format>image/png</format>
                <featureInfoFormat>application/vnd.ogc.gml</featureInfoFormat>
                <isAlpha>true</isAlpha>
                <isSingleTile>true</isSingleTile>
            </wmsLayer>
            <wmsLayer>
                <title>Woningen 2006 100m [wms]</title>
                <url>{baseUrl}cbsvierkanten100m/wms?</url>
                <isBaseLayer>false</isBaseLayer>
                <opacity>0.7</opacity>
                <isTransparent>true</isTransparent>
                <isVisible>false</isVisible>
                <layers>woningen_2006</layers>
                <format>image/png</format>
                <featureInfoFormat>application/vnd.ogc.gml</featureInfoFormat>
                <isAlpha>true</isAlpha>
                <isSingleTile>true</isSingleTile>
            </wmsLayer>
        </context>
        <context>
            <title>2005</title>
            <wmsLayer>
                <title>Inwoners 2005 100m [wms]</title>
                <url>{baseUrl}cbsvierkanten100m/wms?</url>
                <isBaseLayer>false</isBaseLayer>
                <opacity>0.7</opacity>
                <isTransparent>true</isTransparent>
                <isVisible>false</isVisible>
                <layers>inwoners_2005</layers>
                <format>image/png</format>
                <featureInfoFormat>application/vnd.ogc.gml</featureInfoFormat>
                <isAlpha>true</isAlpha>
                <isSingleTile>true</isSingleTile>
            </wmsLayer>
            <wmsLayer>
                <title>Woningen 2005 100m [wms]</title>
                <url>{baseUrl}cbsvierkanten100m/wms?</url>
                <isBaseLayer>false</isBaseLayer>
                <opacity>0.7</opacity>
                <isTransparent>true</isTransparent>
                <isVisible>false</isVisible>
                <layers>woningen_2005</layers>
                <format>image/png</format>
                <featureInfoFormat>application/vnd.ogc.gml</featureInfoFormat>
                <isAlpha>true</isAlpha>
                <isSingleTile>true</isSingleTile>
            </wmsLayer>
        </context>
        <context>
            <title>2004</title>
            <wmsLayer>
                <title>Inwoners 2004 100m [wms]</title>
                <url>{baseUrl}cbsvierkanten100m/wms?</url>
                <isBaseLayer>false</isBaseLayer>
                <opacity>0.7</opacity>
                <isTransparent>true</isTransparent>
                <isVisible>false</isVisible>
                <layers>inwoners_2004</layers>
                <format>image/png</format>
                <featureInfoFormat>application/vnd.ogc.gml</featureInfoFormat>
                <isAlpha>true</isAlpha>
                <isSingleTile>true</isSingleTile>
            </wmsLayer>
            <wmsLayer>
                <title>Woningen 2004 100m [wms]</title>
                <url>{baseUrl}cbsvierkanten100m/wms?</url>
                <isBaseLayer>false</isBaseLayer>
                <opacity>0.7</opacity>
                <isTransparent>true</isTransparent>
                <isVisible>false</isVisible>
                <layers>woningen_2004</layers>
                <format>image/png</format>
                <featureInfoFormat>application/vnd.ogc.gml</featureInfoFormat>
                <isAlpha>true</isAlpha>
                <isSingleTile>true</isSingleTile>
            </wmsLayer>
        </context>
        <context>
            <title>2003</title>
            <wmsLayer>
                <title>Inwoners 2003 100m [wms]</title>
                <url>{baseUrl}cbsvierkanten100m/wms?</url>
                <isBaseLayer>false</isBaseLayer>
                <opacity>0.7</opacity>
                <isTransparent>true</isTransparent>
                <isVisible>false</isVisible>
                <layers>inwoners_2003</layers>
                <format>image/png</format>
                <featureInfoFormat>application/vnd.ogc.gml</featureInfoFormat>
                <isAlpha>true</isAlpha>
                <isSingleTile>true</isSingleTile>
            </wmsLayer>
            <wmsLayer>
                <title>Woningen 2003 100m [wms]</title>
                <url>{baseUrl}cbsvierkanten100m/wms?</url>
                <isBaseLayer>false</isBaseLayer>
                <opacity>0.7</opacity>
                <isTransparent>true</isTransparent>
                <isVisible>false</isVisible>
                <layers>woningen_2003</layers>
                <format>image/png</format>
                <featureInfoFormat>application/vnd.ogc.gml</featureInfoFormat>
                <isAlpha>true</isAlpha>
                <isSingleTile>true</isSingleTile>
            </wmsLayer>
        </context>
        <context>
            <title>2002</title>
            <wmsLayer>
                <title>Inwoners 2002 100m [wms]</title>
                <url>{baseUrl}cbsvierkanten100m/wms?</url>
                <isBaseLayer>false</isBaseLayer>
                <opacity>0.7</opacity>
                <isTransparent>true</isTransparent>
                <isVisible>false</isVisible>
                <layers>inwoners_2002</layers>
                <format>image/png</format>
                <featureInfoFormat>application/vnd.ogc.gml</featureInfoFormat>
                <isAlpha>true</isAlpha>
                <isSingleTile>true</isSingleTile>
            </wmsLayer>
            <wmsLayer>
                <title>Woningen 2002 100m [wms]</title>
                <url>{baseUrl}cbsvierkanten100m/wms?</url>
                <isBaseLayer>false</isBaseLayer>
                <opacity>0.7</opacity>
                <isTransparent>true</isTransparent>
                <isVisible>false</isVisible>
                <layers>woningen_2002</layers>
                <format>image/png</format>
                <featureInfoFormat>application/vnd.ogc.gml</featureInfoFormat>
                <isAlpha>true</isAlpha>
                <isSingleTile>true</isSingleTile>
            </wmsLayer>
        </context>
        <context>
            <title>2001</title>
            <wmsLayer>
                <title>Inwoners 2001 100m [wms]</title>
                <url>{baseUrl}cbsvierkanten100m/wms?</url>
                <isBaseLayer>false</isBaseLayer>
                <opacity>0.7</opacity>
                <isTransparent>true</isTransparent>
                <isVisible>false</isVisible>
                <layers>inwoners_2001</layers>
                <format>image/png</format>
                <featureInfoFormat>application/vnd.ogc.gml</featureInfoFormat>
                <isAlpha>true</isAlpha>
                <isSingleTile>true</isSingleTile>
            </wmsLayer>
            <wmsLayer>
                <title>Woningen 2001 100m [wms]</title>
                <url>{baseUrl}cbsvierkanten100m/wms?</url>
                <isBaseLayer>false</isBaseLayer>
                <opacity>0.7</opacity>
                <isTransparent>true</isTransparent>
                <isVisible>false</isVisible>
                <layers>woningen_2001</layers>
                <format>image/png</format>
                <featureInfoFormat>application/vnd.ogc.gml</featureInfoFormat>
                <isAlpha>true</isAlpha>
                <isSingleTile>true</isSingleTile>
            </wmsLayer>
        </context>
        <context>
            <title>2000</title>
            <wmsLayer>
                <title>Inwoners 2000 100m [wms]</title>
                <url>{baseUrl}cbsvierkanten100m/wms?</url>
                <isBaseLayer>false</isBaseLayer>
                <opacity>0.7</opacity>
                <isTransparent>true</isTransparent>
                <isVisible>false</isVisible>
                <layers>inwoners_2000</layers>
                <format>image/png</format>
                <featureInfoFormat>application/vnd.ogc.gml</featureInfoFormat>
                <isAlpha>true</isAlpha>
                <isSingleTile>true</isSingleTile>
            </wmsLayer>
            <wmsLayer>
                <title>Woningen 2000 100m [wms]</title>
                <url>{baseUrl}cbsvierkanten100m/wms?</url>
                <isBaseLayer>false</isBaseLayer>
                <opacity>0.7</opacity>
                <isTransparent>true</isTransparent>
                <isVisible>false</isVisible>
                <layers>woningen_2000</layers>
                <format>image/png</format>
                <featureInfoFormat>application/vnd.ogc.gml</featureInfoFormat>
                <isAlpha>true</isAlpha>
                <isSingleTile>true</isSingleTile>
            </wmsLayer>
        </context>
        <context>
            <title>2000 - 2010</title>
            <wmsLayer>
                <title>Toename inwoners 100m [wms]</title>
                <url>{baseUrl}cbsvierkanten100m/wms?</url>
                <isBaseLayer>false</isBaseLayer>
                <opacity>0.7</opacity>
                <isTransparent>true</isTransparent>
                <isVisible>false</isVisible>
                <layers>toename_inwoners_2000_2010</layers>
                <format>image/png</format>
                <featureInfoFormat>application/vnd.ogc.gml</featureInfoFormat>
                <isAlpha>true</isAlpha>
                <isSingleTile>true</isSingleTile>
            </wmsLayer>
        </context>
    </contextFolder>
    <contextFolder>
        <title>CBS Vierkanten 500m</title>
        <context>
            <title>2012</title>
            <wmsLayer>
                <title>Inwoners 2012 500m [wms]</title>
                <url>{baseUrl}cbsvierkanten500m/wms?</url>
                <isBaseLayer>false</isBaseLayer>
                <opacity>0.7</opacity>
                <isTransparent>true</isTransparent>
                <isVisible>false</isVisible>
                <layers>inwoners_2012</layers>
                <format>image/png</format>
                <featureInfoFormat>application/vnd.ogc.gml</featureInfoFormat>
                <isAlpha>true</isAlpha>
                <isSingleTile>true</isSingleTile>
            </wmsLayer>
        </context>
        <context>
            <title>2011</title>
            <wmsLayer>
                <title>Autochtonen 2011 500m [wms]</title>
                <url>{baseUrl}cbsvierkanten500m/wms?</url>
                <isBaseLayer>false</isBaseLayer>
                <opacity>0.7</opacity>
                <isTransparent>true</isTransparent>
                <isVisible>false</isVisible>
                <layers>autochtonen_2011</layers>
                <format>image/png</format>
                <featureInfoFormat>application/vnd.ogc.gml</featureInfoFormat>
                <isAlpha>true</isAlpha>
                <isSingleTile>true</isSingleTile>
            </wmsLayer>
            <wmsLayer>
                <title>Westerse allochtonen 2011 500m [wms]</title>
                <url>{baseUrl}cbsvierkanten500m/wms?</url>
                <isBaseLayer>false</isBaseLayer>
                <opacity>0.7</opacity>
                <isTransparent>true</isTransparent>
                <isVisible>false</isVisible>
                <layers>westers_allochtonen_2011</layers>
                <format>image/png</format>
                <featureInfoFormat>application/vnd.ogc.gml</featureInfoFormat>
                <isAlpha>true</isAlpha>
                <isSingleTile>true</isSingleTile>
            </wmsLayer>
            <wmsLayer>
                <title>Niet-westerse allochtonen 2011 500m [wms]</title>
                <url>{baseUrl}cbsvierkanten500m/wms?</url>
                <isBaseLayer>false</isBaseLayer>
                <opacity>0.7</opacity>
                <isTransparent>true</isTransparent>
                <isVisible>false</isVisible>
                <layers>niet_westers_allochtonen_2011</layers>
                <format>image/png</format>
                <featureInfoFormat>application/vnd.ogc.gml</featureInfoFormat>
                <isAlpha>true</isAlpha>
                <isSingleTile>true</isSingleTile>
            </wmsLayer>
            <wmsLayer>
                <title>Inwoners tot 20 jaar 2011 500m [wms]</title>
                <url>{baseUrl}cbsvierkanten500m/wms?</url>
                <isBaseLayer>false</isBaseLayer>
                <opacity>0.7</opacity>
                <isTransparent>true</isTransparent>
                <isVisible>false</isVisible>
                <layers>inwoners_2011_tot_20_jaar</layers>
                <format>image/png</format>
                <featureInfoFormat>application/vnd.ogc.gml</featureInfoFormat>
                <isAlpha>true</isAlpha>
                <isSingleTile>true</isSingleTile>
            </wmsLayer>
            <wmsLayer>
                <title>Inwoners 20 tot 45 jaar 2011 500m [wms]</title>
                <url>{baseUrl}cbsvierkanten500m/wms?</url>
                <isBaseLayer>false</isBaseLayer>
                <opacity>0.7</opacity>
                <isTransparent>true</isTransparent>
                <isVisible>false</isVisible>
                <layers>inwoners_2011_20_tot_45_jaar</layers>
                <format>image/png</format>
                <featureInfoFormat>application/vnd.ogc.gml</featureInfoFormat>
                <isAlpha>true</isAlpha>
                <isSingleTile>true</isSingleTile>
            </wmsLayer>
            <wmsLayer>
                <title>Inwoners 45 tot 65 jaar 2011 500m [wms]</title>
                <url>{baseUrl}cbsvierkanten500m/wms?</url>
                <isBaseLayer>false</isBaseLayer>
                <opacity>0.7</opacity>
                <isTransparent>true</isTransparent>
                <isVisible>false</isVisible>
                <layers>inwoners_2011_45_tot_65_jaar</layers>
                <format>image/png</format>
                <featureInfoFormat>application/vnd.ogc.gml</featureInfoFormat>
                <isAlpha>true</isAlpha>
                <isSingleTile>true</isSingleTile>
            </wmsLayer>
            <wmsLayer>
                <title>Inwoners 65+ jaar 2011 500m [wms]</title>
                <url>{baseUrl}cbsvierkanten500m/wms?</url>
                <isBaseLayer>false</isBaseLayer>
                <opacity>0.7</opacity>
                <isTransparent>true</isTransparent>
                <isVisible>false</isVisible>
                <layers>inwoners_2011_65_plus_jaar</layers>
                <format>image/png</format>
                <featureInfoFormat>application/vnd.ogc.gml</featureInfoFormat>
                <isAlpha>true</isAlpha>
                <isSingleTile>true</isSingleTile>
            </wmsLayer>
            <wmsLayer>
                <title>Gemiddelde WOZ-waarde woningen 2011 500m [wms]</title>
                <url>{baseUrl}cbsvierkanten500m/wms?</url>
                <isBaseLayer>false</isBaseLayer>
                <opacity>0.7</opacity>
                <isTransparent>true</isTransparent>
                <isVisible>false</isVisible>
                <layers>gem_woz_waarde_woningen_2011</layers>
                <format>image/png</format>
                <featureInfoFormat>application/vnd.ogc.gml</featureInfoFormat>
                <isAlpha>true</isAlpha>
                <isSingleTile>true</isSingleTile>
            </wmsLayer>
            <wmsLayer>
                <title>Inwoners 2011 500m [wms]</title>
                <url>{baseUrl}cbsvierkanten500m/wms?</url>
                <isBaseLayer>false</isBaseLayer>
                <opacity>0.7</opacity>
                <isTransparent>true</isTransparent>
                <isVisible>false</isVisible>
                <layers>inwoners_2011</layers>
                <format>image/png</format>
                <featureInfoFormat>application/vnd.ogc.gml</featureInfoFormat>
                <isAlpha>true</isAlpha>
                <isSingleTile>true</isSingleTile>
            </wmsLayer>
            <wmsLayer>
                <title>Woningen 2011 500m [wms]</title>
                <url>{baseUrl}cbsvierkanten500m/wms?</url>
                <isBaseLayer>false</isBaseLayer>
                <opacity>0.7</opacity>
                <isTransparent>true</isTransparent>
                <isVisible>false</isVisible>
                <layers>woningen_2011</layers>
                <format>image/png</format>
                <featureInfoFormat>application/vnd.ogc.gml</featureInfoFormat>
                <isAlpha>true</isAlpha>
                <isSingleTile>true</isSingleTile>
            </wmsLayer>
            <wmsLayer>
                <title>Stedelijkheid 2011 500m [wms]</title>
                <url>{baseUrl}cbsvierkanten500m/wms?</url>
                <isBaseLayer>false</isBaseLayer>
                <opacity>0.7</opacity>
                <isTransparent>true</isTransparent>
                <isVisible>false</isVisible>
                <layers>stedelijkheid_2011</layers>
                <format>image/png</format>
                <featureInfoFormat>application/vnd.ogc.gml</featureInfoFormat>
                <isAlpha>true</isAlpha>
                <isSingleTile>true</isSingleTile>
            </wmsLayer>
            <wmsLayer>
                <title>Omgevingsadresdichtheid 2011 500m [wms]</title>
                <url>{baseUrl}cbsvierkanten500m/wms?</url>
                <isBaseLayer>false</isBaseLayer>
                <opacity>0.7</opacity>
                <isTransparent>true</isTransparent>
                <isVisible>false</isVisible>
                <layers>omgevings_adres_dichtheid_2011</layers>
                <format>image/png</format>
                <featureInfoFormat>application/vnd.ogc.gml</featureInfoFormat>
                <isAlpha>true</isAlpha>
                <isSingleTile>true</isSingleTile>
            </wmsLayer>
        </context>
        <context>
            <title>2010</title>
            <wmsLayer>
                <title>Inwoners 2010 500m [wms]</title>
                <url>{baseUrl}cbsvierkanten500m/wms?</url>
                <isBaseLayer>false</isBaseLayer>
                <opacity>0.7</opacity>
                <isTransparent>true</isTransparent>
                <isVisible>false</isVisible>
                <layers>inwoners_2010</layers>
                <format>image/png</format>
                <featureInfoFormat>application/vnd.ogc.gml</featureInfoFormat>
                <isAlpha>true</isAlpha>
                <isSingleTile>true</isSingleTile>
            </wmsLayer>
            <wmsLayer>
                <title>Woningen 2010 500m [wms]</title>
                <url>{baseUrl}cbsvierkanten500m/wms?</url>
                <isBaseLayer>false</isBaseLayer>
                <opacity>0.7</opacity>
                <isTransparent>true</isTransparent>
                <isVisible>false</isVisible>
                <layers>woningen_2010</layers>
                <format>image/png</format>
                <featureInfoFormat>application/vnd.ogc.gml</featureInfoFormat>
                <isAlpha>true</isAlpha>
                <isSingleTile>true</isSingleTile>
            </wmsLayer>
            <wmsLayer>
                <title>Stedelijkheid 2010 500m [wms]</title>
                <url>{baseUrl}cbsvierkanten500m/wms?</url>
                <isBaseLayer>false</isBaseLayer>
                <opacity>0.7</opacity>
                <isTransparent>true</isTransparent>
                <isVisible>false</isVisible>
                <layers>stedelijkheid_2010</layers>
                <format>image/png</format>
                <featureInfoFormat>application/vnd.ogc.gml</featureInfoFormat>
                <isAlpha>true</isAlpha>
                <isSingleTile>true</isSingleTile>
            </wmsLayer>
            <wmsLayer>
                <title>Omgevingsadresdichtheid 2010 500m [wms]</title>
                <url>{baseUrl}cbsvierkanten500m/wms?</url>
                <isBaseLayer>false</isBaseLayer>
                <opacity>0.7</opacity>
                <isTransparent>true</isTransparent>
                <isVisible>false</isVisible>
                <layers>omgevings_adres_dichtheid_2010</layers>
                <format>image/png</format>
                <featureInfoFormat>application/vnd.ogc.gml</featureInfoFormat>
                <isAlpha>true</isAlpha>
                <isSingleTile>true</isSingleTile>
            </wmsLayer>
        </context>
        <context>
            <title>2009</title>
            <wmsLayer>
                <title>Inwoners 2009 500m [wms]</title>
                <url>{baseUrl}cbsvierkanten500m/wms?</url>
                <isBaseLayer>false</isBaseLayer>
                <opacity>0.7</opacity>
                <isTransparent>true</isTransparent>
                <isVisible>false</isVisible>
                <layers>inwoners_2009</layers>
                <format>image/png</format>
                <featureInfoFormat>application/vnd.ogc.gml</featureInfoFormat>
                <isAlpha>true</isAlpha>
                <isSingleTile>true</isSingleTile>
            </wmsLayer>
            <wmsLayer>
                <title>Woningen 2009 500m [wms]</title>
                <url>{baseUrl}cbsvierkanten500m/wms?</url>
                <isBaseLayer>false</isBaseLayer>
                <opacity>0.7</opacity>
                <isTransparent>true</isTransparent>
                <isVisible>false</isVisible>
                <layers>woningen_2009</layers>
                <format>image/png</format>
                <featureInfoFormat>application/vnd.ogc.gml</featureInfoFormat>
                <isAlpha>true</isAlpha>
                <isSingleTile>true</isSingleTile>
            </wmsLayer>
            <wmsLayer>
                <title>Stedelijkheid 2009 500m [wms]</title>
                <url>{baseUrl}cbsvierkanten500m/wms?</url>
                <isBaseLayer>false</isBaseLayer>
                <opacity>0.7</opacity>
                <isTransparent>true</isTransparent>
                <isVisible>false</isVisible>
                <layers>stedelijkheid_2009</layers>
                <format>image/png</format>
                <featureInfoFormat>application/vnd.ogc.gml</featureInfoFormat>
                <isAlpha>true</isAlpha>
                <isSingleTile>true</isSingleTile>
            </wmsLayer>
            <wmsLayer>
                <title>Omgevingsadresdichtheid 2009 500m [wms]</title>
                <url>{baseUrl}cbsvierkanten500m/wms?</url>
                <isBaseLayer>false</isBaseLayer>
                <opacity>0.7</opacity>
                <isTransparent>true</isTransparent>
                <isVisible>false</isVisible>
                <layers>omgevings_adres_dichtheid_2009</layers>
                <format>image/png</format>
                <featureInfoFormat>application/vnd.ogc.gml</featureInfoFormat>
                <isAlpha>true</isAlpha>
                <isSingleTile>true</isSingleTile>
            </wmsLayer>
        </context>
        <context>
            <title>2008</title>
            <wmsLayer>
                <title>Inwoners 2008 500m [wms]</title>
                <url>{baseUrl}cbsvierkanten500m/wms?</url>
                <isBaseLayer>false</isBaseLayer>
                <opacity>0.7</opacity>
                <isTransparent>true</isTransparent>
                <isVisible>false</isVisible>
                <layers>inwoners_2008</layers>
                <format>image/png</format>
                <featureInfoFormat>application/vnd.ogc.gml</featureInfoFormat>
                <isAlpha>true</isAlpha>
                <isSingleTile>true</isSingleTile>
            </wmsLayer>
            <wmsLayer>
                <title>Woningen 2008 500m [wms]</title>
                <url>{baseUrl}cbsvierkanten500m/wms?</url>
                <isBaseLayer>false</isBaseLayer>
                <opacity>0.7</opacity>
                <isTransparent>true</isTransparent>
                <isVisible>false</isVisible>
                <layers>woningen_2008</layers>
                <format>image/png</format>
                <featureInfoFormat>application/vnd.ogc.gml</featureInfoFormat>
                <isAlpha>true</isAlpha>
                <isSingleTile>true</isSingleTile>
            </wmsLayer>
            <wmsLayer>
                <title>Stedelijkheid 2008 500m [wms]</title>
                <url>{baseUrl}cbsvierkanten500m/wms?</url>
                <isBaseLayer>false</isBaseLayer>
                <opacity>0.7</opacity>
                <isTransparent>true</isTransparent>
                <isVisible>false</isVisible>
                <layers>stedelijkheid_2008</layers>
                <format>image/png</format>
                <featureInfoFormat>application/vnd.ogc.gml</featureInfoFormat>
                <isAlpha>true</isAlpha>
                <isSingleTile>true</isSingleTile>
            </wmsLayer>
            <wmsLayer>
                <title>Omgevingsadresdichtheid 2008 500m [wms]</title>
                <url>{baseUrl}cbsvierkanten500m/wms?</url>
                <isBaseLayer>false</isBaseLayer>
                <opacity>0.7</opacity>
                <isTransparent>true</isTransparent>
                <isVisible>false</isVisible>
                <layers>omgevings_adres_dichtheid_2008</layers>
                <format>image/png</format>
                <featureInfoFormat>application/vnd.ogc.gml</featureInfoFormat>
                <isAlpha>true</isAlpha>
                <isSingleTile>true</isSingleTile>
            </wmsLayer>
        </context>
        <context>
            <title>2007</title>
            <wmsLayer>
                <title>Inwoners 2007 500m [wms]</title>
                <url>{baseUrl}cbsvierkanten500m/wms?</url>
                <isBaseLayer>false</isBaseLayer>
                <opacity>0.7</opacity>
                <isTransparent>true</isTransparent>
                <isVisible>false</isVisible>
                <layers>inwoners_2007</layers>
                <format>image/png</format>
                <featureInfoFormat>application/vnd.ogc.gml</featureInfoFormat>
                <isAlpha>true</isAlpha>
                <isSingleTile>true</isSingleTile>
            </wmsLayer>
            <wmsLayer>
                <title>Woningen 2007 500m [wms]</title>
                <url>{baseUrl}cbsvierkanten500m/wms?</url>
                <isBaseLayer>false</isBaseLayer>
                <opacity>0.7</opacity>
                <isTransparent>true</isTransparent>
                <isVisible>false</isVisible>
                <layers>woningen_2007</layers>
                <format>image/png</format>
                <featureInfoFormat>application/vnd.ogc.gml</featureInfoFormat>
                <isAlpha>true</isAlpha>
                <isSingleTile>true</isSingleTile>
            </wmsLayer>
            <wmsLayer>
                <title>Stedelijkheid 2007 500m [wms]</title>
                <url>{baseUrl}cbsvierkanten500m/wms?</url>
                <isBaseLayer>false</isBaseLayer>
                <opacity>0.7</opacity>
                <isTransparent>true</isTransparent>
                <isVisible>false</isVisible>
                <layers>stedelijkheid_2007</layers>
                <format>image/png</format>
                <featureInfoFormat>application/vnd.ogc.gml</featureInfoFormat>
                <isAlpha>true</isAlpha>
                <isSingleTile>true</isSingleTile>
            </wmsLayer>
            <wmsLayer>
                <title>Omgevingsadresdichtheid 2007 500m [wms]</title>
                <url>{baseUrl}cbsvierkanten500m/wms?</url>
                <isBaseLayer>false</isBaseLayer>
                <opacity>0.7</opacity>
                <isTransparent>true</isTransparent>
                <isVisible>false</isVisible>
                <layers>omgevings_adres_dichtheid_2007</layers>
                <format>image/png</format>
                <featureInfoFormat>application/vnd.ogc.gml</featureInfoFormat>
                <isAlpha>true</isAlpha>
                <isSingleTile>true</isSingleTile>
            </wmsLayer>
        </context>
        <context>
            <title>2006</title>
            <wmsLayer>
                <title>Inwoners 2006 500m [wms]</title>
                <url>{baseUrl}cbsvierkanten500m/wms?</url>
                <isBaseLayer>false</isBaseLayer>
                <opacity>0.7</opacity>
                <isTransparent>true</isTransparent>
                <isVisible>false</isVisible>
                <layers>inwoners_2006</layers>
                <format>image/png</format>
                <featureInfoFormat>application/vnd.ogc.gml</featureInfoFormat>
                <isAlpha>true</isAlpha>
                <isSingleTile>true</isSingleTile>
            </wmsLayer>
            <wmsLayer>
                <title>Woningen 2006 500m [wms]</title>
                <url>{baseUrl}cbsvierkanten500m/wms?</url>
                <isBaseLayer>false</isBaseLayer>
                <opacity>0.7</opacity>
                <isTransparent>true</isTransparent>
                <isVisible>false</isVisible>
                <layers>woningen_2006</layers>
                <format>image/png</format>
                <featureInfoFormat>application/vnd.ogc.gml</featureInfoFormat>
                <isAlpha>true</isAlpha>
                <isSingleTile>true</isSingleTile>
            </wmsLayer>
            <wmsLayer>
                <title>Stedelijkheid 2006 500m [wms]</title>
                <url>{baseUrl}cbsvierkanten500m/wms?</url>
                <isBaseLayer>false</isBaseLayer>
                <opacity>0.7</opacity>
                <isTransparent>true</isTransparent>
                <isVisible>false</isVisible>
                <layers>stedelijkheid_2006</layers>
                <format>image/png</format>
                <featureInfoFormat>application/vnd.ogc.gml</featureInfoFormat>
                <isAlpha>true</isAlpha>
                <isSingleTile>true</isSingleTile>
            </wmsLayer>
            <wmsLayer>
                <title>Omgevingsadresdichtheid 2006 500m [wms]</title>
                <url>{baseUrl}cbsvierkanten500m/wms?</url>
                <isBaseLayer>false</isBaseLayer>
                <opacity>0.7</opacity>
                <isTransparent>true</isTransparent>
                <isVisible>false</isVisible>
                <layers>omgevings_adres_dichtheid_2006</layers>
                <format>image/png</format>
                <featureInfoFormat>application/vnd.ogc.gml</featureInfoFormat>
                <isAlpha>true</isAlpha>
                <isSingleTile>true</isSingleTile>
            </wmsLayer>
        </context>
        <context>
            <title>2005</title>
            <wmsLayer>
                <title>Inwoners 2005 500m [wms]</title>
                <url>{baseUrl}cbsvierkanten500m/wms?</url>
                <isBaseLayer>false</isBaseLayer>
                <opacity>0.7</opacity>
                <isTransparent>true</isTransparent>
                <isVisible>false</isVisible>
                <layers>inwoners_2005</layers>
                <format>image/png</format>
                <featureInfoFormat>application/vnd.ogc.gml</featureInfoFormat>
                <isAlpha>true</isAlpha>
                <isSingleTile>true</isSingleTile>
            </wmsLayer>
            <wmsLayer>
                <title>Woningen 2005 500m [wms]</title>
                <url>{baseUrl}cbsvierkanten500m/wms?</url>
                <isBaseLayer>false</isBaseLayer>
                <opacity>0.7</opacity>
                <isTransparent>true</isTransparent>
                <isVisible>false</isVisible>
                <layers>woningen_2005</layers>
                <format>image/png</format>
                <featureInfoFormat>application/vnd.ogc.gml</featureInfoFormat>
                <isAlpha>true</isAlpha>
                <isSingleTile>true</isSingleTile>
            </wmsLayer>
            <wmsLayer>
                <title>Stedelijkheid 2005 500m [wms]</title>
                <url>{baseUrl}cbsvierkanten500m/wms?</url>
                <isBaseLayer>false</isBaseLayer>
                <opacity>0.7</opacity>
                <isTransparent>true</isTransparent>
                <isVisible>false</isVisible>
                <layers>stedelijkheid_2005</layers>
                <format>image/png</format>
                <featureInfoFormat>application/vnd.ogc.gml</featureInfoFormat>
                <isAlpha>true</isAlpha>
                <isSingleTile>true</isSingleTile>
            </wmsLayer>
            <wmsLayer>
                <title>Omgevingsadresdichtheid 2005 500m [wms]</title>
                <url>{baseUrl}cbsvierkanten500m/wms?</url>
                <isBaseLayer>false</isBaseLayer>
                <opacity>0.7</opacity>
                <isTransparent>true</isTransparent>
                <isVisible>false</isVisible>
                <layers>omgevings_adres_dichtheid_2005</layers>
                <format>image/png</format>
                <featureInfoFormat>application/vnd.ogc.gml</featureInfoFormat>
                <isAlpha>true</isAlpha>
                <isSingleTile>true</isSingleTile>
            </wmsLayer>
        </context>
        <context>
            <title>2004</title>
            <wmsLayer>
                <title>Inwoners 2004 500m [wms]</title>
                <url>{baseUrl}cbsvierkanten500m/wms?</url>
                <isBaseLayer>false</isBaseLayer>
                <opacity>0.7</opacity>
                <isTransparent>true</isTransparent>
                <isVisible>false</isVisible>
                <layers>inwoners_2004</layers>
                <format>image/png</format>
                <featureInfoFormat>application/vnd.ogc.gml</featureInfoFormat>
                <isAlpha>true</isAlpha>
                <isSingleTile>true</isSingleTile>
            </wmsLayer>
            <wmsLayer>
                <title>Woningen 2004 500m [wms]</title>
                <url>{baseUrl}cbsvierkanten500m/wms?</url>
                <isBaseLayer>false</isBaseLayer>
                <opacity>0.7</opacity>
                <isTransparent>true</isTransparent>
                <isVisible>false</isVisible>
                <layers>woningen_2004</layers>
                <format>image/png</format>
                <featureInfoFormat>application/vnd.ogc.gml</featureInfoFormat>
                <isAlpha>true</isAlpha>
                <isSingleTile>true</isSingleTile>
            </wmsLayer>
            <wmsLayer>
                <title>Stedelijkheid 2004 500m [wms]</title>
                <url>{baseUrl}cbsvierkanten500m/wms?</url>
                <isBaseLayer>false</isBaseLayer>
                <opacity>0.7</opacity>
                <isTransparent>true</isTransparent>
                <isVisible>false</isVisible>
                <layers>stedelijkheid_2004</layers>
                <format>image/png</format>
                <featureInfoFormat>application/vnd.ogc.gml</featureInfoFormat>
                <isAlpha>true</isAlpha>
                <isSingleTile>true</isSingleTile>
            </wmsLayer>
            <wmsLayer>
                <title>Omgevingsadresdichtheid 2004 500m [wms]</title>
                <url>{baseUrl}cbsvierkanten500m/wms?</url>
                <isBaseLayer>false</isBaseLayer>
                <opacity>0.7</opacity>
                <isTransparent>true</isTransparent>
                <isVisible>false</isVisible>
                <layers>omgevings_adres_dichtheid_2004</layers>
                <format>image/png</format>
                <featureInfoFormat>application/vnd.ogc.gml</featureInfoFormat>
                <isAlpha>true</isAlpha>
                <isSingleTile>true</isSingleTile>
            </wmsLayer>
        </context>
        <context>
            <title>2003</title>
            <wmsLayer>
                <title>Inwoners 2003 500m [wms]</title>
                <url>{baseUrl}cbsvierkanten500m/wms?</url>
                <isBaseLayer>false</isBaseLayer>
                <opacity>0.7</opacity>
                <isTransparent>true</isTransparent>
                <isVisible>false</isVisible>
                <layers>inwoners_2003</layers>
                <format>image/png</format>
                <featureInfoFormat>application/vnd.ogc.gml</featureInfoFormat>
                <isAlpha>true</isAlpha>
                <isSingleTile>true</isSingleTile>
            </wmsLayer>
            <wmsLayer>
                <title>Woningen 2003 500m [wms]</title>
                <url>{baseUrl}cbsvierkanten500m/wms?</url>
                <isBaseLayer>false</isBaseLayer>
                <opacity>0.7</opacity>
                <isTransparent>true</isTransparent>
                <isVisible>false</isVisible>
                <layers>woningen_2003</layers>
                <format>image/png</format>
                <featureInfoFormat>application/vnd.ogc.gml</featureInfoFormat>
                <isAlpha>true</isAlpha>
                <isSingleTile>true</isSingleTile>
            </wmsLayer>
            <wmsLayer>
                <title>Stedelijkheid 2003 500m [wms]</title>
                <url>{baseUrl}cbsvierkanten500m/wms?</url>
                <isBaseLayer>false</isBaseLayer>
                <opacity>0.7</opacity>
                <isTransparent>true</isTransparent>
                <isVisible>false</isVisible>
                <layers>stedelijkheid_2003</layers>
                <format>image/png</format>
                <featureInfoFormat>application/vnd.ogc.gml</featureInfoFormat>
                <isAlpha>true</isAlpha>
                <isSingleTile>true</isSingleTile>
            </wmsLayer>
            <wmsLayer>
                <title>Omgevingsadresdichtheid 2003 500m [wms]</title>
                <url>{baseUrl}cbsvierkanten500m/wms?</url>
                <isBaseLayer>false</isBaseLayer>
                <opacity>0.7</opacity>
                <isTransparent>true</isTransparent>
                <isVisible>false</isVisible>
                <layers>omgevings_adres_dichtheid_2003</layers>
                <format>image/png</format>
                <featureInfoFormat>application/vnd.ogc.gml</featureInfoFormat>
                <isAlpha>true</isAlpha>
                <isSingleTile>true</isSingleTile>
            </wmsLayer>
        </context>
        <context>
            <title>2002</title>
            <wmsLayer>
                <title>Inwoners 2002 500m [wms]</title>
                <url>{baseUrl}cbsvierkanten500m/wms?</url>
                <isBaseLayer>false</isBaseLayer>
                <opacity>0.7</opacity>
                <isTransparent>true</isTransparent>
                <isVisible>false</isVisible>
                <layers>inwoners_2002</layers>
                <format>image/png</format>
                <featureInfoFormat>application/vnd.ogc.gml</featureInfoFormat>
                <isAlpha>true</isAlpha>
                <isSingleTile>true</isSingleTile>
            </wmsLayer>
            <wmsLayer>
                <title>Woningen 2002 500m [wms]</title>
                <url>{baseUrl}cbsvierkanten500m/wms?</url>
                <isBaseLayer>false</isBaseLayer>
                <opacity>0.7</opacity>
                <isTransparent>true</isTransparent>
                <isVisible>false</isVisible>
                <layers>woningen_2002</layers>
                <format>image/png</format>
                <featureInfoFormat>application/vnd.ogc.gml</featureInfoFormat>
                <isAlpha>true</isAlpha>
                <isSingleTile>true</isSingleTile>
            </wmsLayer>
            <wmsLayer>
                <title>Stedelijkheid 2002 500m [wms]</title>
                <url>{baseUrl}cbsvierkanten500m/wms?</url>
                <isBaseLayer>false</isBaseLayer>
                <opacity>0.7</opacity>
                <isTransparent>true</isTransparent>
                <isVisible>false</isVisible>
                <layers>stedelijkheid_2002</layers>
                <format>image/png</format>
                <featureInfoFormat>application/vnd.ogc.gml</featureInfoFormat>
                <isAlpha>true</isAlpha>
                <isSingleTile>true</isSingleTile>
            </wmsLayer>
            <wmsLayer>
                <title>Omgevingsadresdichtheid 2002 500m [wms]</title>
                <url>{baseUrl}cbsvierkanten500m/wms?</url>
                <isBaseLayer>false</isBaseLayer>
                <opacity>0.7</opacity>
                <isTransparent>true</isTransparent>
                <isVisible>false</isVisible>
                <layers>omgevings_adres_dichtheid_2002</layers>
                <format>image/png</format>
                <featureInfoFormat>application/vnd.ogc.gml</featureInfoFormat>
                <isAlpha>true</isAlpha>
                <isSingleTile>true</isSingleTile>
            </wmsLayer>
        </context>
        <context>
            <title>2001</title>
            <wmsLayer>
                <title>Inwoners 2001 500m [wms]</title>
                <url>{baseUrl}cbsvierkanten500m/wms?</url>
                <isBaseLayer>false</isBaseLayer>
                <opacity>0.7</opacity>
                <isTransparent>true</isTransparent>
                <isVisible>false</isVisible>
                <layers>inwoners_2001</layers>
                <format>image/png</format>
                <featureInfoFormat>application/vnd.ogc.gml</featureInfoFormat>
                <isAlpha>true</isAlpha>
                <isSingleTile>true</isSingleTile>
            </wmsLayer>
            <wmsLayer>
                <title>Woningen 2001 500m [wms]</title>
                <url>{baseUrl}cbsvierkanten500m/wms?</url>
                <isBaseLayer>false</isBaseLayer>
                <opacity>0.7</opacity>
                <isTransparent>true</isTransparent>
                <isVisible>false</isVisible>
                <layers>woningen_2001</layers>
                <format>image/png</format>
                <featureInfoFormat>application/vnd.ogc.gml</featureInfoFormat>
                <isAlpha>true</isAlpha>
                <isSingleTile>true</isSingleTile>
            </wmsLayer>
            <wmsLayer>
                <title>Stedelijkheid 2001 500m [wms]</title>
                <url>{baseUrl}cbsvierkanten500m/wms?</url>
                <isBaseLayer>false</isBaseLayer>
                <opacity>0.7</opacity>
                <isTransparent>true</isTransparent>
                <isVisible>false</isVisible>
                <layers>stedelijkheid_2001</layers>
                <format>image/png</format>
                <featureInfoFormat>application/vnd.ogc.gml</featureInfoFormat>
                <isAlpha>true</isAlpha>
                <isSingleTile>true</isSingleTile>
            </wmsLayer>
            <wmsLayer>
                <title>Omgevingsadresdichtheid 2001 500m [wms]</title>
                <url>{baseUrl}cbsvierkanten500m/wms?</url>
                <isBaseLayer>false</isBaseLayer>
                <opacity>0.7</opacity>
                <isTransparent>true</isTransparent>
                <isVisible>false</isVisible>
                <layers>omgevings_adres_dichtheid_2001</layers>
                <format>image/png</format>
                <featureInfoFormat>application/vnd.ogc.gml</featureInfoFormat>
                <isAlpha>true</isAlpha>
                <isSingleTile>true</isSingleTile>
            </wmsLayer>
        </context>
        <context>
            <title>2000</title>
            <wmsLayer>
                <title>Inwoners 2000 500m [wms]</title>
                <url>{baseUrl}cbsvierkanten500m/wms?</url>
                <isBaseLayer>false</isBaseLayer>
                <opacity>0.7</opacity>
                <isTransparent>true</isTransparent>
                <isVisible>false</isVisible>
                <layers>inwoners_2000</layers>
                <format>image/png</format>
                <featureInfoFormat>application/vnd.ogc.gml</featureInfoFormat>
                <isAlpha>true</isAlpha>
                <isSingleTile>true</isSingleTile>
            </wmsLayer>
            <wmsLayer>
                <title>Woningen 2000 500m [wms]</title>
                <url>{baseUrl}cbsvierkanten500m/wms?</url>
                <isBaseLayer>false</isBaseLayer>
                <opacity>0.7</opacity>
                <isTransparent>true</isTransparent>
                <isVisible>false</isVisible>
                <layers>woningen_2000</layers>
                <format>image/png</format>
                <featureInfoFormat>application/vnd.ogc.gml</featureInfoFormat>
                <isAlpha>true</isAlpha>
                <isSingleTile>true</isSingleTile>
            </wmsLayer>
            <wmsLayer>
                <title>Stedelijkheid 2000 500m [wms]</title>
                <url>{baseUrl}cbsvierkanten500m/wms?</url>
                <isBaseLayer>false</isBaseLayer>
                <opacity>0.7</opacity>
                <isTransparent>true</isTransparent>
                <isVisible>false</isVisible>
                <layers>stedelijkheid_2000</layers>
                <format>image/png</format>
                <featureInfoFormat>application/vnd.ogc.gml</featureInfoFormat>
                <isAlpha>true</isAlpha>
                <isSingleTile>true</isSingleTile>
            </wmsLayer>
            <wmsLayer>
                <title>Omgevingsadresdichtheid 2000 500m [wms]</title>
                <url>{baseUrl}cbsvierkanten500m/wms?</url>
                <isBaseLayer>false</isBaseLayer>
                <opacity>0.7</opacity>
                <isTransparent>true</isTransparent>
                <isVisible>false</isVisible>
                <layers>omgevings_adres_dichtheid_2000</layers>
                <format>image/png</format>
                <featureInfoFormat>application/vnd.ogc.gml</featureInfoFormat>
                <isAlpha>true</isAlpha>
                <isSingleTile>true</isSingleTile>
            </wmsLayer>
        </context>
        <context>
            <title>2000 - 2010</title>
            <wmsLayer>
                <title>Toename inwoners 500m [wms]</title>
                <url>{baseUrl}cbsvierkanten500m/wms?</url>
                <isBaseLayer>false</isBaseLayer>
                <opacity>0.7</opacity>
                <isTransparent>true</isTransparent>
                <isVisible>false</isVisible>
                <layers>toename_inwoners_2000_2010</layers>
                <format>image/png</format>
                <featureInfoFormat>application/vnd.ogc.gml</featureInfoFormat>
                <isAlpha>true</isAlpha>
                <isSingleTile>true</isSingleTile>
            </wmsLayer>
        </context>
    </contextFolder>

</contextCollection>