<contextCollection xmlns="http://schemas.heron-mc.org/hmc/1.0"
                   xmlns:xsi="http://www.w3.org/2001/XMLSchema-instance"
                   xsi:schemaLocation="http://schemas.heron-mc.org/hmc/1.0 http://schemas.heron-mc.org/hmc/1.0/heron-map-context.xsd">

    <contextFolder>
        <title>Wijken en buurten</title>
        <context>
            <title>2011</title>
            <wmsLayer>
                <title>CBS Buurten 2011 [wms]</title>
                <url>{baseUrl}wijkenbuurten2011/wms?</url>
                <isBaseLayer>false</isBaseLayer>
                <opacity>0.7</opacity>
                <isTransparent>true</isTransparent>
                <isVisible>false</isVisible>
                <maxResolution>26.88</maxResolution>
                <layers>cbs_buurten_2011</layers>
                <format>image/png</format>
                <featureInfoFormat>application/vnd.ogc.gml</featureInfoFormat>
                <isAlpha>true</isAlpha>
                <isSingleTile>true</isSingleTile>
            </wmsLayer>
            <wmsLayer>
                <title>CBS Wijken 2011 [wms]</title>
                <url>{baseUrl}wijkenbuurten2011/wms?</url>
                <isBaseLayer>false</isBaseLayer>
                <opacity>0.7</opacity>
                <isTransparent>true</isTransparent>
                <isVisible>false</isVisible>
                <maxResolution>107.52</maxResolution>
                <layers>cbs_wijken_2011</layers>
                <format>image/png</format>
                <featureInfoFormat>application/vnd.ogc.gml</featureInfoFormat>
                <isAlpha>true</isAlpha>
                <isSingleTile>true</isSingleTile>
            </wmsLayer>
            <wmsLayer>
                <title>Gemeenten 2011 [wms]</title>
                <url>{baseUrl}wijkenbuurten2011/wms?</url>
                <isBaseLayer>false</isBaseLayer>
                <opacity>0.7</opacity>
                <isTransparent>true</isTransparent>
                <isVisible>false</isVisible>
                <layers>gemeenten2011</layers>
                <format>image/png</format>
                <featureInfoFormat>application/vnd.ogc.gml</featureInfoFormat>
                <isAlpha>true</isAlpha>
                <isSingleTile>true</isSingleTile>
            </wmsLayer>
        </context>
        <context>
            <title>2010</title>
            <wmsLayer>
                <title>CBS Buurten 2010 [wms]</title>
                <url>{baseUrl}wijkenbuurten2010/wms?</url>
                <isBaseLayer>false</isBaseLayer>
                <opacity>0.7</opacity>
                <isTransparent>true</isTransparent>
                <isVisible>false</isVisible>
                <maxResolution>26.88</maxResolution>
                <layers>cbs_buurten_2010</layers>
                <format>image/png</format>
                <featureInfoFormat>application/vnd.ogc.gml</featureInfoFormat>
                <isAlpha>true</isAlpha>
                <isSingleTile>true</isSingleTile>
            </wmsLayer>
            <wmsLayer>
                <title>CBS Wijken 2010 [wms]</title>
                <url>{baseUrl}wijkenbuurten2010/wms?</url>
                <isBaseLayer>false</isBaseLayer>
                <opacity>0.7</opacity>
                <isTransparent>true</isTransparent>
                <isVisible>false</isVisible>
                <maxResolution>107.52</maxResolution>
                <layers>cbs_wijken_2010</layers>
                <format>image/png</format>
                <featureInfoFormat>application/vnd.ogc.gml</featureInfoFormat>
                <isAlpha>true</isAlpha>
                <isSingleTile>true</isSingleTile>
            </wmsLayer>
            <wmsLayer>
                <title>Gemeenten 2010 [wms]</title>
                <url>{baseUrl}wijkenbuurten2010/wms?</url>
                <isBaseLayer>false</isBaseLayer>
                <opacity>0.7</opacity>
                <isTransparent>true</isTransparent>
                <isVisible>false</isVisible>
                <layers>gemeenten2010</layers>
                <format>image/png</format>
                <featureInfoFormat>application/vnd.ogc.gml</featureInfoFormat>
                <isAlpha>true</isAlpha>
                <isSingleTile>true</isSingleTile>
            </wmsLayer>
        </context>
        <context>
            <title>2009</title>
            <wmsLayer>
                <title>CBS Buurten 2009 [wms]</title>
                <url>{baseUrl}wijkenbuurten2009/wms?</url>
                <isBaseLayer>false</isBaseLayer>
                <opacity>0.7</opacity>
                <isTransparent>true</isTransparent>
                <isVisible>false</isVisible>
                <maxResolution>26.88</maxResolution>
                <layers>cbs_buurten_2009</layers>
                <format>image/png</format>
                <featureInfoFormat>application/vnd.ogc.gml</featureInfoFormat>
                <isAlpha>true</isAlpha>
                <isSingleTile>true</isSingleTile>
            </wmsLayer>
            <wmsLayer>
                <title>CBS Wijken 2009 [wms]</title>
                <url>{baseUrl}wijkenbuurten2009/wms?</url>
                <isBaseLayer>false</isBaseLayer>
                <opacity>0.7</opacity>
                <isTransparent>true</isTransparent>
                <isVisible>false</isVisible>
                <maxResolution>107.52</maxResolution>
                <layers>cbs_wijken_2009</layers>
                <format>image/png</format>
                <featureInfoFormat>application/vnd.ogc.gml</featureInfoFormat>
                <isAlpha>true</isAlpha>
                <isSingleTile>true</isSingleTile>
            </wmsLayer>
            <wmsLayer>
                <title>Gemeenten 2009 [wms]</title>
                <url>{baseUrl}wijkenbuurten2009/wms?</url>
                <isBaseLayer>false</isBaseLayer>
                <opacity>0.7</opacity>
                <isTransparent>true</isTransparent>
                <isVisible>false</isVisible>
                <layers>gemeenten2009</layers>
                <format>image/png</format>
                <featureInfoFormat>application/vnd.ogc.gml</featureInfoFormat>
                <isAlpha>true</isAlpha>
                <isSingleTile>true</isSingleTile>
            </wmsLayer>
        </context>
    </contextFolder>
</contextCollection>