<?xml version="1.0" encoding="UTF-8"?>
<sld:StyledLayerDescriptor xmlns="http://www.opengis.net/sld" xmlns:sld="http://www.opengis.net/sld" xmlns:ogc="http://www.opengis.net/ogc" xmlns:gml="http://www.opengis.net/gml" version="1.0.0">
    <sld:NamedLayer>
        <sld:Name>usa:states</sld:Name>
        <sld:UserStyle>
            <sld:Name>usa_states</sld:Name>
            <sld:Title>Population in the United States</sld:Title>
            <sld:IsDefault>1</sld:IsDefault>
            <sld:Abstract>A sample filter that filters the United States into three
        categories of population, drawn in different colors</sld:Abstract>
            <sld:FeatureTypeStyle>
                <sld:Name>name</sld:Name>
                <sld:Rule>
                    <sld:Name>{"group":"Population","method":"graduated","args":["PERSONS",3,"NATURAL_BREAKS"]}</sld:Name>
                    <sld:Title>Population &lt; 2M</sld:Title>
                    <ogc:Filter>
                        <ogc:PropertyIsLessThan>
                            <ogc:PropertyName>PERSONS</ogc:PropertyName>
                            <ogc:Literal>2000000</ogc:Literal>
                        </ogc:PropertyIsLessThan>
                    </ogc:Filter>
                    <sld:PolygonSymbolizer>
                        <sld:Fill>
                            <sld:CssParameter name="fill">#A6CEE3</sld:CssParameter>
                            <sld:CssParameter name="fill-opacity">0.7</sld:CssParameter>
                        </sld:Fill>
                    </sld:PolygonSymbolizer>
                </sld:Rule>
                <sld:Rule>
                    <sld:Name>{"group":"Population","method":"graduated","args":["PERSONS",3,"NATURAL_BREAKS"]}</sld:Name>
                    <sld:Title>Population 2M-4M</sld:Title>
                    <ogc:Filter>
                        <ogc:PropertyIsBetween>
                            <ogc:PropertyName>PERSONS</ogc:PropertyName>
                            <ogc:LowerBoundary>
                                <ogc:Literal>2000000</ogc:Literal>
                            </ogc:LowerBoundary>
                            <ogc:UpperBoundary>
                                <ogc:Literal>4000000</ogc:Literal>
                            </ogc:UpperBoundary>
                        </ogc:PropertyIsBetween>
                    </ogc:Filter>
                    <sld:PolygonSymbolizer>
                        <sld:Fill>
                            <sld:CssParameter name="fill">#F78B4</sld:CssParameter>
                            <sld:CssParameter name="fill-opacity">0.7</sld:CssParameter>
                        </sld:Fill>
                    </sld:PolygonSymbolizer>
                </sld:Rule>
                <sld:Rule>
                    <sld:Name>{"group":"Population","method":"graduated","args":["PERSONS",3,"NATURAL_BREAKS"]}</sld:Name>
                    <sld:Title>Population &gt; 4M</sld:Title>
                    <ogc:Filter>
                        <ogc:PropertyIsGreaterThan>
                            <ogc:PropertyName>PERSONS</ogc:PropertyName>
                            <ogc:Literal>4000000</ogc:Literal>
                        </ogc:PropertyIsGreaterThan>
                    </ogc:Filter>
                    <sld:PolygonSymbolizer>
                        <sld:Fill>
                            <sld:CssParameter name="fill">#B2DF8A</sld:CssParameter>
                            <sld:CssParameter name="fill-opacity">0.7</sld:CssParameter>
                        </sld:Fill>
                    </sld:PolygonSymbolizer>
                </sld:Rule>
                <sld:Rule>
                    <sld:Name>State Outlines</sld:Name>
                    <sld:Title>State Outlines</sld:Title>
                    <sld:LineSymbolizer>
                        <sld:Stroke>
                            <sld:CssParameter name="stroke">#8cadbf</sld:CssParameter>
                            <sld:CssParameter name="stroke-width">0.1</sld:CssParameter>
                        </sld:Stroke>
                    </sld:LineSymbolizer>
                </sld:Rule>
                <sld:Rule>
                    <sld:Name>State Abbreviations</sld:Name>
                    <sld:Title>State Abbreviations</sld:Title>
                    <sld:MinScaleDenominator>1.75E7</sld:MinScaleDenominator>
                    <sld:MaxScaleDenominator>3.5E7</sld:MaxScaleDenominator>
                    <sld:TextSymbolizer>
                        <sld:Label>
                            <ogc:PropertyName>STATE_ABBR</ogc:PropertyName>
                        </sld:Label>
                        <sld:Font>
                            <sld:CssParameter name="font-family">Arial</sld:CssParameter>
                            <sld:CssParameter name="font-size">12</sld:CssParameter>
                            <sld:CssParameter name="font-style">Normal</sld:CssParameter>
                            <sld:CssParameter name="font-weight">normal</sld:CssParameter>
                        </sld:Font>
                        <sld:LabelPlacement>
                            <sld:PointPlacement>
                                <sld:AnchorPoint>
                                    <sld:AnchorPointX>0.5</sld:AnchorPointX>
                                    <sld:AnchorPointY>0.5</sld:AnchorPointY>
                                </sld:AnchorPoint>
                            </sld:PointPlacement>
                        </sld:LabelPlacement>
                    </sld:TextSymbolizer>
                </sld:Rule>
                <sld:Rule>
                    <sld:Name>State Names</sld:Name>
                    <sld:Title>State Names</sld:Title>
                    <sld:MaxScaleDenominator>1.75E7</sld:MaxScaleDenominator>
                    <sld:TextSymbolizer>
                        <sld:Label>
                            <ogc:PropertyName>STATE_NAME</ogc:PropertyName>
                        </sld:Label>
                        <sld:Font>
                            <sld:CssParameter name="font-family">Arial</sld:CssParameter>
                            <sld:CssParameter name="font-size">12</sld:CssParameter>
                            <sld:CssParameter name="font-style">Normal</sld:CssParameter>
                            <sld:CssParameter name="font-weight">normal</sld:CssParameter>
                        </sld:Font>
                        <sld:LabelPlacement>
                            <sld:PointPlacement>
                                <sld:AnchorPoint>
                                    <sld:AnchorPointX>0.5</sld:AnchorPointX>
                                    <sld:AnchorPointY>0.5</sld:AnchorPointY>
                                </sld:AnchorPoint>
                            </sld:PointPlacement>
                        </sld:LabelPlacement>
                        <sld:VendorOption name="goodnessOfFit">0.9</sld:VendorOption>
                        <sld:VendorOption name="maxDisplacement">100</sld:VendorOption>
                    </sld:TextSymbolizer>
                </sld:Rule>
            </sld:FeatureTypeStyle>
        </sld:UserStyle>
    </sld:NamedLayer>
</sld:StyledLayerDescriptor>

