<contextCollection xmlns="http://schemas.heron-mc.org/hmc/1.0"
	xmlns:xsi="http://www.w3.org/2001/XMLSchema-instance"
	xsi:schemaLocation="http://schemas.heron-mc.org/hmc/1.0 http://schemas.heron-mc.org/hmc/1.0/heron-map-context.xsd">
	<contextFolder>
		<title>Natuurmeting Op Kaart (NOK)</title>
		<context>
				<title>2011</title>
				<wmsLayer>
					<title>Begrenzing 2011 [wms]</title>
					<url>{baseUrl}nok2011/wms?</url>
					<isBaseLayer>false</isBaseLayer>
					<opacity>0.7</opacity>
					<isTransparent>true</isTransparent>
					<isVisible>false</isVisible>
					<layers>begrenzing</layers>
					<format>image/png</format>
					<featureInfoFormat>application/vnd.ogc.gml</featureInfoFormat>
					<isAlpha>true</isAlpha>
					<isSingleTile>true</isSingleTile>
				</wmsLayer>
				<wmsLayer>
					<title>EHS 2011 [wms]</title>
					<url>{baseUrl}nok2011/wms?</url>
					<isBaseLayer>false</isBaseLayer>
					<opacity>0.7</opacity>
					<isTransparent>true</isTransparent>
					<isVisible>false</isVisible>
					<layers>planologischeehs</layers>
					<format>image/png</format>
					<featureInfoFormat>application/vnd.ogc.gml</featureInfoFormat>
					<isAlpha>true</isAlpha>
					<isSingleTile>true</isSingleTile>
				</wmsLayer>
				<wmsLayer>
					<title>Verwerving inrichting 2011 [wms]</title>
					<url>{baseUrl}nok2011/wms?</url>
					<isBaseLayer>false</isBaseLayer>
					<opacity>0.7</opacity>
					<isTransparent>true</isTransparent>
					<isVisible>false</isVisible>
					<layers>verwervinginrichting</layers>
					<format>image/png</format>
					<featureInfoFormat>application/vnd.ogc.gml</featureInfoFormat>
					<isAlpha>true</isAlpha>
					<isSingleTile>true</isSingleTile>
				</wmsLayer>
		</context>
		<context>
				<title>2010</title>
				<wmsLayer>
					<title>EHS 2010 [wms]</title>
					<url>{baseUrl}nok2010/wms?</url>
					<isBaseLayer>false</isBaseLayer>
					<opacity>0.7</opacity>
					<isTransparent>true</isTransparent>
					<isVisible>false</isVisible>
					<layers>ehs</layers>
					<format>image/png</format>
					<featureInfoFormat>application/vnd.ogc.gml</featureInfoFormat>
					<isAlpha>true</isAlpha>
					<isSingleTile>true</isSingleTile>
				</wmsLayer>
				<wmsLayer>
					<title>RodS 2010 [wms]</title>
					<url>{baseUrl}nok2010/wms?</url>
					<isBaseLayer>false</isBaseLayer>
					<opacity>0.7</opacity>
					<isTransparent>true</isTransparent>
					<isVisible>false</isVisible>
					<layers>rods</layers>
					<format>image/png</format>
					<featureInfoFormat>application/vnd.ogc.gml</featureInfoFormat>
					<isAlpha>true</isAlpha>
					<isSingleTile>true</isSingleTile>
				</wmsLayer>
				<wmsLayer>
					<title>BBL-bezit buiten EHS en RodS 2010 [wms]</title>
					<url>{baseUrl}nok2010/wms?</url>
					<isBaseLayer>false</isBaseLayer>
					<opacity>0.7</opacity>
					<isTransparent>true</isTransparent>
					<isVisible>false</isVisible>
					<layers>bblbuitenbegrenzing</layers>
					<format>image/png</format>
					<featureInfoFormat>application/vnd.ogc.gml</featureInfoFormat>
					<isAlpha>true</isAlpha>
					<isSingleTile>true</isSingleTile>
				</wmsLayer>
		</context>
		<context>
				<title>2007</title>
				<wmsLayer>
					<title>EHS 2007 [wms]</title>
					<url>{baseUrl}nok2007/wms?</url>
					<isBaseLayer>false</isBaseLayer>
					<opacity>0.7</opacity>
					<isTransparent>true</isTransparent>
					<isVisible>false</isVisible>
					<layers>ehs</layers>
					<format>image/png</format>
					<featureInfoFormat>application/vnd.ogc.gml</featureInfoFormat>
					<isAlpha>true</isAlpha>
					<isSingleTile>true</isSingleTile>
				</wmsLayer>
				<wmsLayer>
					<title>RodS 2007 [wms]</title>
					<url>{baseUrl}nok2007/wms?</url>
					<isBaseLayer>false</isBaseLayer>
					<opacity>0.7</opacity>
					<isTransparent>true</isTransparent>
					<isVisible>false</isVisible>
					<layers>rods</layers>
					<format>image/png</format>
					<featureInfoFormat>application/vnd.ogc.gml</featureInfoFormat>
					<isAlpha>true</isAlpha>
					<isSingleTile>true</isSingleTile>
				</wmsLayer>
				<wmsLayer>
					<title>BBL-bezit buiten EHS en RodS 2007 [wms]</title>
					<url>{baseUrl}nok2007/wms?</url>
					<isBaseLayer>false</isBaseLayer>
					<opacity>0.7</opacity>
					<isTransparent>true</isTransparent>
					<isVisible>false</isVisible>
					<layers>bblbuitenbegrenzing</layers>
					<format>image/png</format>
					<featureInfoFormat>application/vnd.ogc.gml</featureInfoFormat>
					<isAlpha>true</isAlpha>
					<isSingleTile>true</isSingleTile>
				</wmsLayer>
		</context>
	</contextFolder>
</contextCollection>